gsr; bvp; skt; skt2; Cont; time
12904;000803;33.80;700;03.54.58.195
12892;057530;33.80;701;03.54.58.195
12880;073962;33.80;702;03.54.58.195
12900;090302;33.80;703;03.54.58.195
12888;106710;33.80;704;03.54.58.195
12892;123108;33.80;705;03.54.58.195
12896;139464;33.80;706;03.54.58.195
12876;155885;33.80;707;03.54.58.206
12896;169816;33.80;708;03.54.58.217
12884;169550;33.80;709;03.54.58.217
12888;169546;33.80;710;03.54.58.217
12888;169539;33.80;711;03.54.58.217
12892;169543;33.80;712;03.54.58.217
12884;169541;33.80;713;03.54.58.217
12860;169545;33.80;714;03.54.58.228
12892;169533;33.80;715;03.54.58.228
12908;169538;33.80;716;03.54.58.228
12888;169543;33.80;717;03.54.58.228
12884;169540;33.80;718;03.54.58.228
12904;169543;33.80;719;03.54.58.228
12912;169537;33.80;720;03.54.58.228
12896;169540;33.80;721;03.54.58.228
12888;169535;33.80;722;03.54.58.228
12892;169538;33.80;723;03.54.58.228
12900;169528;33.80;724;03.54.58.228
12888;169528;33.80;725;03.54.58.316
12892;169529;33.80;726;03.54.58.316
12884;169523;33.80;727;03.54.58.316
12888;169521;33.80;728;03.54.58.326
12892;169516;33.80;729;03.54.58.326
12888;169518;33.80;730;03.54.58.326
12896;169511;33.80;731;03.54.58.326
12880;169505;33.80;732;03.54.58.326
12884;169506;33.80;733;03.54.58.326
12876;169502;33.80;734;03.54.58.326
12876;169509;33.80;735;03.54.58.326
12904;169503;33.80;736;03.54.58.326
12884;169506;33.80;737;03.54.58.326
12912;169493;33.80;738;03.54.58.326
12884;169493;33.80;739;03.54.58.326
12892;169493;33.80;740;03.54.58.337
12892;169488;33.80;741;03.54.58.337
12900;169483;33.80;742;03.54.58.337
12896;169497;33.80;743;03.54.58.337
12892;169483;33.80;744;03.54.58.337
12900;169482;33.80;745;03.54.58.337
12900;169481;33.80;746;03.54.58.337
12908;169485;33.80;747;03.54.58.337
12892;169481;33.80;748;03.54.58.337
12916;169474;33.80;749;03.54.58.337
12856;169478;33.76;750;03.54.58.446
12884;169476;33.76;751;03.54.58.446
12892;169475;33.76;752;03.54.58.446
12928;169477;33.76;753;03.54.58.446
12896;169468;33.76;754;03.54.58.446
12904;169473;33.76;755;03.54.58.446
12884;169468;33.76;756;03.54.58.446
12892;169474;33.76;757;03.54.58.446
12896;169482;33.76;758;03.54.58.446
12900;169486;33.76;759;03.54.58.446
12876;169487;33.76;760;03.54.58.446
12900;169476;33.76;761;03.54.58.457
12884;169480;33.76;762;03.54.58.457
12896;169489;33.76;763;03.54.58.457
12896;169489;33.76;764;03.54.58.457
12888;169487;33.76;765;03.54.58.457
12880;169490;33.76;766;03.54.58.457
12896;169486;33.76;767;03.54.58.457
12896;169492;33.76;768;03.54.58.457
12896;169489;33.76;769;03.54.58.457
12880;169491;33.76;770;03.54.58.457
12876;169498;33.76;771;03.54.58.457
12884;169498;33.76;772;03.54.58.457
12900;169502;33.76;773;03.54.58.457
12884;169502;33.76;774;03.54.58.468
12884;169501;33.76;775;03.54.58.577
12928;169502;33.76;776;03.54.58.577
12904;169502;33.76;777;03.54.58.577
12884;169503;33.76;778;03.54.58.577
12888;169497;33.76;779;03.54.58.577
12860;169507;33.76;780;03.54.58.577
12908;169505;33.76;781;03.54.58.577
12912;169520;33.76;782;03.54.58.588
12904;169508;33.76;783;03.54.58.588
12888;169508;33.76;784;03.54.58.588
12900;169519;33.76;785;03.54.58.588
12900;169510;33.76;786;03.54.58.588
12888;169523;33.76;787;03.54.58.588
12884;169516;33.76;788;03.54.58.588
12884;169522;33.76;789;03.54.58.588
12876;169523;33.76;790;03.54.58.588
12892;169525;33.76;791;03.54.58.588
12892;169527;33.76;792;03.54.58.588
12904;169523;33.76;793;03.54.58.588
12860;169517;33.76;794;03.54.58.588
12908;169521;33.76;795;03.54.58.599
12912;169520;33.76;796;03.54.58.599
12888;169519;33.76;797;03.54.58.599
12860;169512;33.76;798;03.54.58.599
12880;169509;33.76;799;03.54.58.599
12868;169508;33.76;800;03.54.58.686
12928;169499;33.76;801;03.54.58.686
12896;169509;33.76;802;03.54.58.686
12904;169500;33.76;803;03.54.58.697
12896;169499;33.76;804;03.54.58.697
12876;169492;33.76;805;03.54.58.697
12880;169492;33.76;806;03.54.58.697
12904;169498;33.76;807;03.54.58.697
12904;169489;33.76;808;03.54.58.697
12904;169485;33.76;809;03.54.58.697
12916;169488;33.76;810;03.54.58.708
12864;169484;33.76;811;03.54.58.708
12912;169483;33.76;812;03.54.58.708
12860;169481;33.76;813;03.54.58.708
12904;169481;33.76;814;03.54.58.708
12868;169479;33.76;815;03.54.58.708
12904;169478;33.76;816;03.54.58.708
12880;169484;33.76;817;03.54.58.708
12880;169485;33.76;818;03.54.58.708
12860;169486;33.76;819;03.54.58.708
12884;169486;33.76;820;03.54.58.708
12860;169490;33.76;821;03.54.58.719
12896;169482;33.76;822;03.54.58.719
12876;169494;33.76;823;03.54.58.719
12916;169491;33.76;824;03.54.58.719
12884;169495;33.76;825;03.54.58.818
12888;169496;33.76;826;03.54.58.818
12864;169491;33.76;827;03.54.58.818
12896;169497;33.76;828;03.54.58.818
12880;169501;33.76;829;03.54.58.818
12876;169500;33.76;830;03.54.58.818
12876;169505;33.76;831;03.54.58.818
12884;169509;33.76;832;03.54.58.818
12888;169507;33.76;833;03.54.58.818
12908;169512;33.76;834;03.54.58.818
12892;169508;33.76;835;03.54.58.818
12904;169517;33.76;836;03.54.58.818
12888;169523;33.76;837;03.54.58.829
12876;169521;33.76;838;03.54.58.829
12892;169525;33.76;839;03.54.58.829
12892;169531;33.76;840;03.54.58.829
12884;169528;33.76;841;03.54.58.829
12872;169530;33.76;842;03.54.58.829
12872;169534;33.76;843;03.54.58.829
12884;169529;33.76;844;03.54.58.829
12912;169528;33.76;845;03.54.58.829
12892;169533;33.76;846;03.54.58.829
12888;169533;33.76;847;03.54.58.829
12900;169532;33.76;848;03.54.58.829
12896;169533;33.76;849;03.54.58.829
12880;169528;33.76;850;03.54.58.939
12884;169532;33.76;851;03.54.58.939
12892;169530;33.76;852;03.54.58.939
12892;169537;33.76;853;03.54.58.939
12860;169535;33.76;854;03.54.58.939
12880;169531;33.76;855;03.54.58.939
12876;169536;33.76;856;03.54.58.939
12912;169540;33.76;857;03.54.58.939
12884;169546;33.76;858;03.54.58.939
12888;169549;33.76;859;03.54.58.950
12904;169541;33.76;860;03.54.58.950
12880;169539;33.76;861;03.54.58.950
12888;169535;33.76;862;03.54.58.950
12860;169543;33.76;863;03.54.58.950
12856;169540;33.76;864;03.54.58.950
12872;169539;33.76;865;03.54.58.950
12888;169540;33.76;866;03.54.58.950
12892;169548;33.76;867;03.54.58.950
12904;169536;33.76;868;03.54.58.950
12860;169542;33.76;869;03.54.58.950
12884;169549;33.76;870;03.54.58.950
12904;169540;33.76;871;03.54.58.950
12912;169536;33.76;872;03.54.58.961
12876;169535;33.76;873;03.54.58.961
12896;169536;33.76;874;03.54.58.961
12884;169531;33.76;875;03.54.59.070
12928;169547;33.76;876;03.54.59.070
12884;169542;33.76;877;03.54.59.070
12892;169539;33.76;878;03.54.59.070
12892;169546;33.76;879;03.54.59.070
12900;169547;33.76;880;03.54.59.081
12908;169547;33.76;881;03.54.59.081
12888;169544;33.76;882;03.54.59.081
12884;169540;33.76;883;03.54.59.081
12880;169543;33.76;884;03.54.59.081
12900;169547;33.76;885;03.54.59.081
12920;169544;33.76;886;03.54.59.081
12880;169545;33.76;887;03.54.59.081
12912;169545;33.76;888;03.54.59.081
12892;169544;33.76;889;03.54.59.081
12844;169544;33.76;890;03.54.59.081
12904;169545;33.76;891;03.54.59.081
12912;169540;33.76;892;03.54.59.081
12900;169548;33.76;893;03.54.59.092
12892;169544;33.76;894;03.54.59.092
12892;169544;33.76;895;03.54.59.092
12884;169548;33.76;896;03.54.59.092
12900;169538;33.76;897;03.54.59.092
12908;169546;33.76;898;03.54.59.092
12912;169550;33.76;899;03.54.59.092
12888;169554;33.76;900;03.54.59.202
12892;169547;33.76;901;03.54.59.213
12900;169546;33.76;902;03.54.59.213
12892;169552;33.76;903;03.54.59.213
12900;169546;33.76;904;03.54.59.213
12908;169553;33.76;905;03.54.59.213
12916;169545;33.76;906;03.54.59.213
12896;169546;33.76;907;03.54.59.213
12908;169553;33.76;908;03.54.59.213
12912;169552;33.76;909;03.54.59.213
12884;169553;33.76;910;03.54.59.213
12916;169551;33.76;911;03.54.59.213
12888;169553;33.76;912;03.54.59.213
12916;169553;33.76;913;03.54.59.213
12872;169560;33.76;914;03.54.59.224
12888;169554;33.76;915;03.54.59.224
12924;169548;33.76;916;03.54.59.224
12888;169555;33.76;917;03.54.59.224
12896;169559;33.76;918;03.54.59.224
12884;169550;33.76;919;03.54.59.224
12904;169557;33.76;920;03.54.59.224
12884;169561;33.76;921;03.54.59.224
12880;169561;33.76;922;03.54.59.224
12896;169562;33.76;923;03.54.59.224
12904;169571;33.76;924;03.54.59.224
12860;169571;33.76;925;03.54.59.345
12868;169577;33.76;926;03.54.59.345
12892;169566;33.76;927;03.54.59.345
12888;169567;33.76;928;03.54.59.345
12900;169573;33.76;929;03.54.59.345
12896;169575;33.76;930;03.54.59.345
12912;169571;33.76;931;03.54.59.345
12852;169568;33.76;932;03.54.59.345
12908;169568;33.76;933;03.54.59.345
12884;169564;33.76;934;03.54.59.356
12880;169566;33.76;935;03.54.59.356
12896;169567;33.76;936;03.54.59.356
12892;169557;33.76;937;03.54.59.356
12904;169561;33.76;938;03.54.59.356
12880;169557;33.76;939;03.54.59.356
12892;169557;33.76;940;03.54.59.356
12892;169551;33.76;941;03.54.59.356
12880;169556;33.76;942;03.54.59.356
12884;169557;33.76;943;03.54.59.356
12892;169548;33.76;944;03.54.59.356
12900;169555;33.76;945;03.54.59.356
12900;169550;33.76;946;03.54.59.356
12888;169551;33.76;947;03.54.59.356
12876;169548;33.76;948;03.54.59.367
12912;169538;33.76;949;03.54.59.367
12904;169539;33.76;950;03.54.59.443
12900;169543;33.76;951;03.54.59.443
12884;169545;33.76;952;03.54.59.443
12888;169542;33.76;953;03.54.59.443
12872;169533;33.76;954;03.54.59.443
12892;169532;33.76;955;03.54.59.443
12888;169535;33.76;956;03.54.59.443
12884;169529;33.76;957;03.54.59.454
12860;169536;33.76;958;03.54.59.454
12896;169537;33.76;959;03.54.59.454
12892;169535;33.76;960;03.54.59.454
12888;169529;33.76;961;03.54.59.454
12892;169533;33.76;962;03.54.59.454
12892;169530;33.76;963;03.54.59.454
12892;169536;33.76;964;03.54.59.454
12924;169535;33.76;965;03.54.59.454
12872;169530;33.76;966;03.54.59.454
12928;169528;33.76;967;03.54.59.454
12900;169531;33.76;968;03.54.59.454
12888;169522;33.76;969;03.54.59.465
12892;169529;33.76;970;03.54.59.465
12876;169531;33.76;971;03.54.59.465
12892;169533;33.76;972;03.54.59.465
12892;169538;33.76;973;03.54.59.465
12896;169530;33.76;974;03.54.59.465
12884;169532;33.76;975;03.54.59.574
12888;169531;33.76;976;03.54.59.574
12892;169530;33.76;977;03.54.59.585
12868;169535;33.76;978;03.54.59.585
12900;169537;33.76;979;03.54.59.585
12876;169539;33.76;980;03.54.59.585
12876;169538;33.76;981;03.54.59.585
12892;169541;33.76;982;03.54.59.585
12876;169536;33.76;983;03.54.59.585
12888;169529;33.76;984;03.54.59.585
12916;169528;33.76;985;03.54.59.585
12888;169526;33.76;986;03.54.59.585
12904;169522;33.76;987;03.54.59.585
12908;169532;33.76;988;03.54.59.585
12888;169527;33.76;989;03.54.59.585
12900;169530;33.76;990;03.54.59.596
12892;169513;33.76;991;03.54.59.596
12892;169511;33.76;992;03.54.59.596
12892;169514;33.76;993;03.54.59.596
12892;169520;33.76;994;03.54.59.596
12908;169513;33.76;995;03.54.59.596
12892;169517;33.76;996;03.54.59.596
12880;169512;33.76;997;03.54.59.596
12860;169510;33.76;998;03.54.59.596
12896;169505;33.76;999;03.54.59.596
12880;169499;33.76;000;03.54.59.716
12892;169504;33.76;001;03.54.59.716
12880;169498;33.76;002;03.54.59.716
12896;169505;33.76;003;03.54.59.716
12900;169498;33.76;004;03.54.59.716
12884;169491;33.76;005;03.54.59.716
12896;169493;33.76;006;03.54.59.716
12876;169494;33.76;007;03.54.59.716
12884;169486;33.76;008;03.54.59.716
12888;169474;33.76;009;03.54.59.716
12896;169478;33.76;010;03.54.59.727
12904;169475;33.76;011;03.54.59.727
12896;169479;33.76;012;03.54.59.727
12900;169463;33.76;013;03.54.59.727
12892;169474;33.76;014;03.54.59.727
12884;169467;33.76;015;03.54.59.727
12892;169458;33.76;016;03.54.59.727
12908;169469;33.76;017;03.54.59.727
12860;169458;33.76;018;03.54.59.727
12884;169460;33.76;019;03.54.59.727
12872;169457;33.76;020;03.54.59.727
12916;169459;33.76;021;03.54.59.727
12876;169459;33.76;022;03.54.59.727
12892;169455;33.76;023;03.54.59.737
12928;169458;33.76;024;03.54.59.737
12876;169458;33.76;025;03.54.59.814
12880;169450;33.76;026;03.54.59.814
12892;169454;33.76;027;03.54.59.814
12896;169451;33.76;028;03.54.59.814
12896;169456;33.76;029;03.54.59.814
12884;169455;33.76;030;03.54.59.814
12896;169443;33.76;031;03.54.59.825
12868;169449;33.76;032;03.54.59.825
12896;169452;33.76;033;03.54.59.836
12872;169440;33.76;034;03.54.59.836
12896;169441;33.76;035;03.54.59.836
12876;169438;33.76;036;03.54.59.836
12900;169441;33.76;037;03.54.59.836
12908;169430;33.76;038;03.54.59.836
12904;169428;33.76;039;03.54.59.847
12900;169433;33.76;040;03.54.59.847
12888;169424;33.76;041;03.54.59.847
12896;169418;33.76;042;03.54.59.847
12868;169423;33.76;043;03.54.59.847
12880;169416;33.76;044;03.54.59.847
12904;169406;33.76;045;03.54.59.847
12928;169410;33.76;046;03.54.59.847
12888;169407;33.76;047;03.54.59.847
12880;169396;33.76;048;03.54.59.847
12904;169394;33.76;049;03.54.59.847
12900;169405;33.72;050;03.54.59.934
12892;169400;33.72;051;03.54.59.934
12880;169394;33.72;052;03.54.59.945
12868;169384;33.72;053;03.54.59.945
12892;169385;33.72;054;03.54.59.945
12876;169380;33.72;055;03.54.59.945
12892;169381;33.72;056;03.54.59.945
12888;169371;33.72;057;03.54.59.945
12896;169369;33.72;058;03.54.59.945
12884;169357;33.72;059;03.54.59.945
12876;169364;33.72;060;03.54.59.945
12896;169360;33.72;061;03.54.59.945
12880;169353;33.72;062;03.54.59.945
12860;169345;33.72;063;03.54.59.945
12900;169338;33.72;064;03.54.59.945
12896;169337;33.72;065;03.54.59.956
12892;169340;33.72;066;03.54.59.956
12896;169326;33.72;067;03.54.59.956
12888;169319;33.72;068;03.54.59.956
12872;169311;33.72;069;03.54.59.956
12884;169313;33.72;070;03.54.59.956
12896;169302;33.72;071;03.54.59.956
12896;169288;33.72;072;03.54.59.956
12908;169281;33.72;073;03.54.59.956
12912;169282;33.72;074;03.54.59.956
12884;169276;33.72;075;03.55.00.077
12896;169262;33.72;076;03.55.00.077
12904;169254;33.72;077;03.55.00.077
12904;169245;33.72;078;03.55.00.077
12880;169258;33.72;079;03.55.00.077
12896;169251;33.72;080;03.55.00.077
12892;169246;33.72;081;03.55.00.077
12908;169235;33.72;082;03.55.00.077
12876;169224;33.72;083;03.55.00.077
12880;169221;33.72;084;03.55.00.077
12856;169212;33.72;085;03.55.00.077
12892;169216;33.72;086;03.55.00.088
12908;169211;33.72;087;03.55.00.088
12892;169207;33.72;088;03.55.00.088
12928;169197;33.72;089;03.55.00.088
12896;169195;33.72;090;03.55.00.088
12896;169181;33.72;091;03.55.00.088
12888;169183;33.72;092;03.55.00.088
12888;169171;33.72;093;03.55.00.088
12892;169173;33.72;094;03.55.00.088
12884;169171;33.72;095;03.55.00.088
12884;169172;33.72;096;03.55.00.088
12884;169169;33.72;097;03.55.00.088
12900;169167;33.72;098;03.55.00.088
12928;169167;33.72;099;03.55.00.099
12884;169168;33.76;100;03.55.00.208
12876;169165;33.76;101;03.55.00.208
12904;169158;33.76;102;03.55.00.208
12912;169169;33.76;103;03.55.00.208
12896;169161;33.76;104;03.55.00.208
12904;169178;33.76;105;03.55.00.208
12872;169160;33.76;106;03.55.00.208
12872;169161;33.76;107;03.55.00.219
12880;169159;33.76;108;03.55.00.219
12884;169162;33.76;109;03.55.00.219
12896;169161;33.76;110;03.55.00.219
12892;169161;33.76;111;03.55.00.219
12896;169161;33.76;112;03.55.00.219
12872;169160;33.76;113;03.55.00.219
12896;169162;33.76;114;03.55.00.219
12880;169160;33.76;115;03.55.00.219
12884;169159;33.76;116;03.55.00.219
12880;169165;33.76;117;03.55.00.230
12904;169162;33.76;118;03.55.00.230
12860;169158;33.76;119;03.55.00.230
12892;169157;33.76;120;03.55.00.230
12904;169156;33.76;121;03.55.00.230
12896;169156;33.76;122;03.55.00.230
12912;169160;33.76;123;03.55.00.230
12904;169147;33.76;124;03.55.00.241
12860;169150;33.76;125;03.55.00.340
12888;169148;33.76;126;03.55.00.340
12872;169144;33.76;127;03.55.00.340
12908;169149;33.76;128;03.55.00.340
12892;169149;33.76;129;03.55.00.351
12876;169150;33.76;130;03.55.00.351
12880;169150;33.76;131;03.55.00.351
12912;169153;33.76;132;03.55.00.351
12872;169154;33.76;133;03.55.00.351
12876;169151;33.76;134;03.55.00.351
12876;169148;33.76;135;03.55.00.351
12880;169152;33.76;136;03.55.00.351
12912;169147;33.76;137;03.55.00.351
12896;169136;33.76;138;03.55.00.351
12860;169144;33.76;139;03.55.00.351
12892;169138;33.76;140;03.55.00.351
12896;169142;33.76;141;03.55.00.351
12904;169144;33.76;142;03.55.00.362
12860;169147;33.76;143;03.55.00.362
12896;169147;33.76;144;03.55.00.362
12928;169132;33.76;145;03.55.00.362
12904;169125;33.76;146;03.55.00.362
12888;169138;33.76;147;03.55.00.362
12892;169136;33.76;148;03.55.00.362
12912;169133;33.76;149;03.55.00.362
12920;169134;33.76;150;03.55.00.450
12888;169133;33.76;151;03.55.00.450
12908;169128;33.76;152;03.55.00.450
12904;169134;33.76;153;03.55.00.450
12896;169136;33.76;154;03.55.00.450
12860;169137;33.76;155;03.55.00.450
12900;169139;33.76;156;03.55.00.450
12912;169148;33.76;157;03.55.00.450
12892;169138;33.76;158;03.55.00.461
12892;169150;33.76;159;03.55.00.461
12876;169144;33.76;160;03.55.00.461
12880;169149;33.76;161;03.55.00.461
12896;169145;33.76;162;03.55.00.461
12872;169145;33.76;163;03.55.00.461
12896;169144;33.76;164;03.55.00.461
12896;169154;33.76;165;03.55.00.461
12880;169143;33.76;166;03.55.00.461
12912;169147;33.76;167;03.55.00.483
12884;169148;33.76;168;03.55.00.483
12888;169152;33.76;169;03.55.00.483
12896;169159;33.76;170;03.55.00.483
12896;169151;33.76;171;03.55.00.483
12884;169142;33.76;172;03.55.00.483
12892;169148;33.76;173;03.55.00.483
12892;169154;33.76;174;03.55.00.483
12908;169151;33.76;175;03.55.00.570
12876;169156;33.76;176;03.55.00.570
12888;169157;33.76;177;03.55.00.570
12892;169149;33.76;178;03.55.00.570
12888;169151;33.76;179;03.55.00.570
12896;169144;33.76;180;03.55.00.570
12868;169152;33.76;181;03.55.00.570
12900;169161;33.76;182;03.55.00.570
12892;169163;33.76;183;03.55.00.570
12884;169155;33.76;184;03.55.00.581
12892;169157;33.76;185;03.55.00.581
12892;169162;33.76;186;03.55.00.581
12880;169160;33.76;187;03.55.00.581
12900;169154;33.76;188;03.55.00.581
12892;169159;33.76;189;03.55.00.581
12876;169153;33.76;190;03.55.00.581
12876;169149;33.76;191;03.55.00.581
12892;169153;33.76;192;03.55.00.581
12892;169150;33.76;193;03.55.00.581
12864;169149;33.76;194;03.55.00.581
12892;169136;33.76;195;03.55.00.581
12892;169132;33.76;196;03.55.00.581
12892;169133;33.76;197;03.55.00.592
12860;169130;33.76;198;03.55.00.592
12880;169121;33.76;199;03.55.00.592
12884;169111;33.76;200;03.55.00.702
12904;169115;33.76;201;03.55.00.702
12892;169100;33.76;202;03.55.00.702
12928;169094;33.76;203;03.55.00.702
12880;169092;33.76;204;03.55.00.702
12928;169087;33.76;205;03.55.00.702
12876;169074;33.76;206;03.55.00.713
12892;169074;33.76;207;03.55.00.713
12912;169063;33.76;208;03.55.00.713
12888;169061;33.76;209;03.55.00.713
12864;169061;33.76;210;03.55.00.713
12880;169051;33.76;211;03.55.00.713
12864;169044;33.76;212;03.55.00.713
12856;169035;33.76;213;03.55.00.713
12892;169036;33.76;214;03.55.00.713
12896;169027;33.76;215;03.55.00.713
12888;169025;33.76;216;03.55.00.713
12888;169015;33.76;217;03.55.00.713
12888;169013;33.76;218;03.55.00.724
12896;169010;33.76;219;03.55.00.724
12896;169009;33.76;220;03.55.00.724
12860;169002;33.76;221;03.55.00.724
12888;168994;33.76;222;03.55.00.724
12896;168994;33.76;223;03.55.00.724
12896;168993;33.76;224;03.55.00.724
12892;168996;33.76;225;03.55.00.812
12884;168985;33.76;226;03.55.00.812
12884;168982;33.76;227;03.55.00.823
12896;168989;33.76;228;03.55.00.823
12916;168987;33.76;229;03.55.00.823
12884;168979;33.76;230;03.55.00.823
12892;168973;33.76;231;03.55.00.823
12912;168971;33.76;232;03.55.00.823
12884;168969;33.76;233;03.55.00.834
12876;168962;33.76;234;03.55.00.834
12896;168961;33.76;235;03.55.00.845
12876;168960;33.76;236;03.55.00.845
12876;168964;33.76;237;03.55.00.845
12888;168963;33.76;238;03.55.00.845
12888;168961;33.76;239;03.55.00.845
12896;168952;33.76;240;03.55.00.845
12900;168957;33.76;241;03.55.00.845
12888;168955;33.76;242;03.55.00.845
12896;168961;33.76;243;03.55.00.845
12896;168946;33.76;244;03.55.00.856
12896;168948;33.76;245;03.55.00.856
12928;168955;33.76;246;03.55.00.856
12872;168953;33.76;247;03.55.00.856
12892;168959;33.76;248;03.55.00.856
12908;168955;33.76;249;03.55.00.856
12860;168949;33.76;250;03.55.00.943
12908;168954;33.76;251;03.55.00.943
12888;168953;33.76;252;03.55.00.943
12892;168962;33.76;253;03.55.00.943
12868;168958;33.76;254;03.55.00.943
12884;168960;33.76;255;03.55.00.943
12876;168954;33.76;256;03.55.00.943
12892;168954;33.76;257;03.55.00.943
12852;168951;33.76;258;03.55.00.975
12904;168950;33.76;259;03.55.00.975
12896;168956;33.76;260;03.55.00.975
12876;168949;33.76;261;03.55.00.975
12908;168952;33.76;262;03.55.00.975
12852;168951;33.76;263;03.55.00.975
12892;168944;33.76;264;03.55.00.975
12880;168942;33.76;265;03.55.00.975
12896;168949;33.76;266;03.55.00.975
12896;168944;33.76;267;03.55.00.975
12892;168953;33.76;268;03.55.00.975
12876;168951;33.76;269;03.55.00.986
12896;168945;33.76;270;03.55.00.986
12896;168945;33.76;271;03.55.00.986
12900;168952;33.76;272;03.55.00.986
12900;168954;33.76;273;03.55.00.986
12888;168952;33.76;274;03.55.00.986
12860;168950;33.76;275;03.55.01.063
12860;168952;33.76;276;03.55.01.063
12880;168952;33.76;277;03.55.01.063
12892;168945;33.76;278;03.55.01.063
12868;168949;33.76;279;03.55.01.063
12876;168953;33.76;280;03.55.01.063
12896;168951;33.76;281;03.55.01.074
12872;168946;33.76;282;03.55.01.074
12888;168955;33.76;283;03.55.01.074
12892;168955;33.76;284;03.55.01.074
12876;168951;33.76;285;03.55.01.074
12904;168956;33.76;286;03.55.01.074
12892;168959;33.76;287;03.55.01.074
12920;168958;33.76;288;03.55.01.074
12892;168954;33.76;289;03.55.01.074
12872;168948;33.76;290;03.55.01.074
12888;168947;33.76;291;03.55.01.074
12876;168956;33.76;292;03.55.01.074
12892;168955;33.76;293;03.55.01.074
12860;168962;33.76;294;03.55.01.085
12880;168960;33.76;295;03.55.01.085
12904;168957;33.76;296;03.55.01.085
12892;168956;33.76;297;03.55.01.085
12868;168956;33.76;298;03.55.01.085
12900;168965;33.76;299;03.55.01.085
12904;168963;33.76;300;03.55.01.195
12884;168963;33.76;301;03.55.01.206
12880;168954;33.76;302;03.55.01.206
12896;168954;33.76;303;03.55.01.206
12892;168966;33.76;304;03.55.01.206
12884;168964;33.76;305;03.55.01.206
12860;168959;33.76;306;03.55.01.206
12880;168960;33.76;307;03.55.01.206
12884;168963;33.76;308;03.55.01.206
12904;168965;33.76;309;03.55.01.206
12892;168969;33.76;310;03.55.01.206
12912;168961;33.76;311;03.55.01.206
12912;168964;33.76;312;03.55.01.206
12900;168963;33.76;313;03.55.01.206
12888;168957;33.76;314;03.55.01.206
12872;168962;33.76;315;03.55.01.217
12892;168967;33.76;316;03.55.01.217
12892;168964;33.76;317;03.55.01.217
12876;168966;33.76;318;03.55.01.217
12888;168956;33.76;319;03.55.01.217
12880;168966;33.76;320;03.55.01.217
12872;168958;33.76;321;03.55.01.217
12876;168963;33.76;322;03.55.01.217
12904;168966;33.76;323;03.55.01.217
12920;168965;33.76;324;03.55.01.217
12896;168963;33.76;325;03.55.01.336
12876;168961;33.76;326;03.55.01.336
12904;168972;33.76;327;03.55.01.336
12880;168965;33.76;328;03.55.01.336
12912;168960;33.76;329;03.55.01.336
12908;168968;33.76;330;03.55.01.336
12888;168959;33.76;331;03.55.01.336
12884;168969;33.76;332;03.55.01.336
12900;168975;33.76;333;03.55.01.336
12876;168976;33.76;334;03.55.01.346
12904;168980;33.76;335;03.55.01.346
12892;168975;33.76;336;03.55.01.346
12876;168981;33.76;337;03.55.01.346
12908;168980;33.76;338;03.55.01.346
12876;168977;33.76;339;03.55.01.346
12912;168982;33.76;340;03.55.01.346
12904;168978;33.76;341;03.55.01.346
12872;168989;33.76;342;03.55.01.346
12864;168982;33.76;343;03.55.01.346
12888;168983;33.76;344;03.55.01.346
12880;168988;33.76;345;03.55.01.346
12888;168982;33.76;346;03.55.01.346
12892;168988;33.76;347;03.55.01.357
12892;168986;33.76;348;03.55.01.357
12900;168984;33.76;349;03.55.01.357
12872;168986;33.76;350;03.55.01.456
12892;168983;33.76;351;03.55.01.456
12888;168985;33.76;352;03.55.01.456
12888;168981;33.76;353;03.55.01.456
12880;168972;33.76;354;03.55.01.456
12892;168974;33.76;355;03.55.01.456
12884;168967;33.76;356;03.55.01.467
12888;168964;33.76;357;03.55.01.467
12904;168959;33.76;358;03.55.01.467
12876;168957;33.76;359;03.55.01.467
12876;168954;33.76;360;03.55.01.467
12888;168957;33.76;361;03.55.01.467
12928;168956;33.76;362;03.55.01.467
12856;168959;33.76;363;03.55.01.467
12904;168950;33.76;364;03.55.01.467
12876;168951;33.76;365;03.55.01.467
12876;168951;33.76;366;03.55.01.467
12900;168944;33.76;367;03.55.01.467
12868;168937;33.76;368;03.55.01.467
12912;168939;33.76;369;03.55.01.478
12860;168933;33.76;370;03.55.01.478
12880;168929;33.76;371;03.55.01.478
12900;168926;33.76;372;03.55.01.478
12860;168929;33.76;373;03.55.01.478
12892;168926;33.76;374;03.55.01.478
12888;168924;33.76;375;03.55.01.577
12904;168923;33.76;376;03.55.01.577
12868;168924;33.76;377;03.55.01.588
12888;168928;33.76;378;03.55.01.588
12916;168924;33.76;379;03.55.01.588
12884;168922;33.76;380;03.55.01.588
12896;168918;33.76;381;03.55.01.588
12880;168920;33.76;382;03.55.01.588
12900;168915;33.76;383;03.55.01.599
12896;168915;33.76;384;03.55.01.610
12928;168916;33.76;385;03.55.01.610
12880;168917;33.76;386;03.55.01.610
12884;168910;33.76;387;03.55.01.610
12884;168908;33.76;388;03.55.01.610
12900;168919;33.76;389;03.55.01.610
12860;168920;33.76;390;03.55.01.610
12884;168922;33.76;391;03.55.01.610
12892;168919;33.76;392;03.55.01.610
12880;168927;33.76;393;03.55.01.610
12884;168920;33.76;394;03.55.01.610
12900;168922;33.76;395;03.55.01.610
12896;168918;33.76;396;03.55.01.610
12896;168918;33.76;397;03.55.01.621
12904;168908;33.76;398;03.55.01.621
12892;168914;33.76;399;03.55.01.621
12888;168917;33.72;400;03.55.01.697
12900;168915;33.72;401;03.55.01.697
12896;168909;33.72;402;03.55.01.697
12904;168915;33.72;403;03.55.01.697
12888;168915;33.72;404;03.55.01.697
12880;168906;33.72;405;03.55.01.697
12884;168913;33.72;406;03.55.01.697
12900;168901;33.72;407;03.55.01.697
12880;168914;33.72;408;03.55.01.697
12872;168921;33.72;409;03.55.01.697
12864;168917;33.72;410;03.55.01.697
12912;168910;33.72;411;03.55.01.708
12888;168913;33.72;412;03.55.01.708
12888;168909;33.72;413;03.55.01.708
12900;168909;33.72;414;03.55.01.708
12872;168911;33.72;415;03.55.01.708
12896;168907;33.72;416;03.55.01.708
12888;168912;33.72;417;03.55.01.719
12860;168910;33.72;418;03.55.01.719
12884;168907;33.72;419;03.55.01.719
12876;168914;33.72;420;03.55.01.719
12860;168910;33.72;421;03.55.01.719
12880;168909;33.72;422;03.55.01.719
12896;168906;33.72;423;03.55.01.719
12884;168912;33.72;424;03.55.01.719
12892;168906;33.72;425;03.55.01.829
12868;168907;33.72;426;03.55.01.829
12892;168914;33.72;427;03.55.01.829
12912;168910;33.72;428;03.55.01.829
12896;168911;33.72;429;03.55.01.829
12896;168904;33.72;430;03.55.01.829
12904;168903;33.72;431;03.55.01.829
12880;168909;33.72;432;03.55.01.829
12904;168901;33.72;433;03.55.01.840
12884;168900;33.72;434;03.55.01.840
12896;168904;33.72;435;03.55.01.840
12912;168902;33.72;436;03.55.01.840
12892;168905;33.72;437;03.55.01.840
12908;168899;33.72;438;03.55.01.840
12896;168906;33.72;439;03.55.01.840
12904;168904;33.72;440;03.55.01.840
12888;168916;33.72;441;03.55.01.840
12868;168909;33.72;442;03.55.01.840
12888;168917;33.72;443;03.55.01.840
12884;168924;33.72;444;03.55.01.840
12876;168927;33.72;445;03.55.01.840
12872;168928;33.72;446;03.55.01.851
12872;168929;33.72;447;03.55.01.851
12912;168924;33.72;448;03.55.01.851
12892;168924;33.72;449;03.55.01.851
12884;168928;33.76;450;03.55.01.939
12884;168932;33.76;451;03.55.01.939
12896;168934;33.76;452;03.55.01.939
12912;168937;33.76;453;03.55.01.939
12892;168933;33.76;454;03.55.01.950
12892;168931;33.76;455;03.55.01.950
12892;168941;33.76;456;03.55.01.950
12900;168936;33.76;457;03.55.01.950
12896;168938;33.76;458;03.55.01.950
12860;168942;33.76;459;03.55.01.950
12880;168935;33.76;460;03.55.01.950
12896;168944;33.76;461;03.55.01.950
12872;168938;33.76;462;03.55.01.950
12896;168937;33.76;463;03.55.01.950
12880;168940;33.76;464;03.55.01.961
12884;168938;33.76;465;03.55.01.961
12880;168950;33.76;466;03.55.01.961
12904;168946;33.76;467;03.55.01.961
12892;168945;33.76;468;03.55.01.961
12860;168950;33.76;469;03.55.01.961
12900;168939;33.76;470;03.55.01.961
12892;168950;33.76;471;03.55.01.972
12932;168950;33.76;472;03.55.01.972
12904;168958;33.76;473;03.55.01.972
12880;168955;33.76;474;03.55.01.972
12900;168961;33.76;475;03.55.02.059
12896;168960;33.76;476;03.55.02.070
12900;168957;33.76;477;03.55.02.070
12884;168962;33.76;478;03.55.02.070
12904;168964;33.76;479;03.55.02.070
12876;168961;33.76;480;03.55.02.070
12852;168970;33.76;481;03.55.02.070
12896;168965;33.76;482;03.55.02.070
12912;168973;33.76;483;03.55.02.070
12884;168969;33.76;484;03.55.02.070
12856;168967;33.76;485;03.55.02.070
12884;168966;33.76;486;03.55.02.070
12900;168971;33.76;487;03.55.02.070
12928;168973;33.76;488;03.55.02.081
12880;168965;33.76;489;03.55.02.081
12888;168967;33.76;490;03.55.02.081
12892;168970;33.76;491;03.55.02.081
12880;168975;33.76;492;03.55.02.081
12860;168973;33.76;493;03.55.02.081
12868;168973;33.76;494;03.55.02.081
12876;168977;33.76;495;03.55.02.081
12928;168971;33.76;496;03.55.02.081
12900;168975;33.76;497;03.55.02.081
12892;168975;33.76;498;03.55.02.081
12908;168977;33.76;499;03.55.02.081
12880;168982;33.76;500;03.55.02.191
12888;168983;33.76;501;03.55.02.191
12888;168978;33.76;502;03.55.02.191
12916;168987;33.76;503;03.55.02.191
12928;168985;33.76;504;03.55.02.191
12892;168993;33.76;505;03.55.02.191
12896;168985;33.76;506;03.55.02.191
12884;168983;33.76;507;03.55.02.191
12892;168990;33.76;508;03.55.02.191
12928;168993;33.76;509;03.55.02.191
12884;168983;33.76;510;03.55.02.202
12916;169004;33.76;511;03.55.02.202
12912;169000;33.76;512;03.55.02.202
12888;168998;33.76;513;03.55.02.202
12900;169006;33.76;514;03.55.02.202
12904;169001;33.76;515;03.55.02.202
12880;169003;33.76;516;03.55.02.202
12900;169004;33.76;517;03.55.02.202
12884;169001;33.76;518;03.55.02.202
12896;169000;33.76;519;03.55.02.202
12876;169003;33.76;520;03.55.02.202
12892;168988;33.76;521;03.55.02.202
12892;168994;33.76;522;03.55.02.213
12888;168984;33.76;523;03.55.02.213
12892;168990;33.76;524;03.55.02.213
12880;168980;33.76;525;03.55.02.323
12860;168975;33.76;526;03.55.02.323
12880;168977;33.76;527;03.55.02.323
12896;168974;33.76;528;03.55.02.323
12896;168968;33.76;529;03.55.02.323
12900;168974;33.76;530;03.55.02.323
12888;168967;33.76;531;03.55.02.334
12884;168960;33.76;532;03.55.02.334
12888;168957;33.76;533;03.55.02.334
12912;168965;33.76;534;03.55.02.334
12880;168951;33.76;535;03.55.02.334
12904;168957;33.76;536;03.55.02.334
12888;168956;33.76;537;03.55.02.334
12900;168952;33.76;538;03.55.02.334
12892;168948;33.76;539;03.55.02.334
12908;168939;33.76;540;03.55.02.334
12888;168947;33.76;541;03.55.02.334
12888;168944;33.76;542;03.55.02.334
12896;168948;33.76;543;03.55.02.334
12904;168929;33.76;544;03.55.02.345
12888;168944;33.76;545;03.55.02.345
12884;168943;33.76;546;03.55.02.345
12896;168942;33.76;547;03.55.02.345
12888;168947;33.76;548;03.55.02.345
12888;168938;33.76;549;03.55.02.345
12896;168941;33.76;550;03.55.02.454
12892;168934;33.76;551;03.55.02.465
12888;168939;33.76;552;03.55.02.465
12884;168948;33.76;553;03.55.02.465
12868;168935;33.76;554;03.55.02.465
12884;168940;33.76;555;03.55.02.465
12884;168937;33.76;556;03.55.02.465
12880;168936;33.76;557;03.55.02.465
12896;168938;33.76;558;03.55.02.465
12876;168942;33.76;559;03.55.02.465
12888;168928;33.76;560;03.55.02.465
12880;168929;33.76;561;03.55.02.465
12876;168933;33.76;562;03.55.02.465
12880;168928;33.76;563;03.55.02.465
12876;168933;33.76;564;03.55.02.465
12896;168934;33.76;565;03.55.02.476
12884;168929;33.76;566;03.55.02.476
12888;168934;33.76;567;03.55.02.476
12892;168937;33.76;568;03.55.02.476
12884;168937;33.76;569;03.55.02.476
12864;168935;33.76;570;03.55.02.476
12860;168935;33.76;571;03.55.02.476
12896;168939;33.76;572;03.55.02.476
12896;168946;33.76;573;03.55.02.476
12912;168932;33.76;574;03.55.02.476
12868;168943;33.76;575;03.55.02.575
12884;168941;33.76;576;03.55.02.575
12876;168949;33.76;577;03.55.02.575
12876;168948;33.76;578;03.55.02.575
12872;168936;33.76;579;03.55.02.575
12912;168947;33.76;580;03.55.02.575
12872;168935;33.76;581;03.55.02.575
12860;168957;33.76;582;03.55.02.575
12896;168944;33.76;583;03.55.02.586
12884;168950;33.76;584;03.55.02.586
12900;168956;33.76;585;03.55.02.586
12876;168960;33.76;586;03.55.02.586
12884;168949;33.76;587;03.55.02.586
12892;168955;33.76;588;03.55.02.586
12892;168950;33.76;589;03.55.02.586
12876;168955;33.76;590;03.55.02.586
12888;168953;33.76;591;03.55.02.586
12900;168951;33.76;592;03.55.02.586
12912;168960;33.76;593;03.55.02.586
